class,precision,recall,fscore,support,accuracy,specificity
0,0.7,0.636363636364,0.666666666667,11,-,-
1,0.555555555556,0.625,0.588235294118,8,-,-
-,-,-,-,-,0.631578947368,0.636363636364
