class,precision,recall,fscore,support,accuracy,specificity
0,0.666666666667,0.444444444444,0.533333333333,9,-,-
1,0.615384615385,0.8,0.695652173913,10,-,-
-,-,-,-,-,0.631578947368,0.444444444444
