class,precision,recall,fscore,support,accuracy,specificity
0,0.7,0.7,0.7,10,-,-
1,0.666666666667,0.666666666667,0.666666666667,9,-,-
-,-,-,-,-,0.684210526316,0.7
