class,precision,recall,fscore,support,accuracy,specificity
0,0.7777777777777778,0.7,0.7368421052631577,10,-,-
1,0.7,0.7777777777777778,0.7368421052631577,9,-,-
-,-,-,-,-,0.7368421052631579,0.7
