class,precision,recall,fscore,support,accuracy,specificity
0,0.777777777778,0.7,0.736842105263,10,-,-
1,0.7,0.777777777778,0.736842105263,9,-,-
-,-,-,-,-,0.736842105263,0.7
