class,precision,recall,fscore,support,accuracy,specificity
0,0.818181818182,0.818181818182,0.818181818182,11,-,-
1,0.75,0.75,0.75,8,-,-
-,-,-,-,-,0.789473684211,0.818181818182
