class,precision,recall,fscore,support,accuracy,specificity
0,0.8181818181818182,0.8181818181818182,0.8181818181818182,11,-,-
1,0.75,0.75,0.75,8,-,-
-,-,-,-,-,0.7894736842105263,0.8181818181818182
