class,precision,recall,fscore,support,accuracy,specificity
0,0.857142857143,0.6,0.705882352941,10,-,-
1,0.666666666667,0.888888888889,0.761904761905,9,-,-
-,-,-,-,-,0.736842105263,0.6
