class,precision,recall,fscore,support,accuracy,specificity
0,0.8571428571428571,0.6,0.7058823529411764,10,-,-
1,0.6666666666666666,0.8888888888888888,0.761904761904762,9,-,-
-,-,-,-,-,0.7368421052631579,0.6
