class,precision,recall,fscore,support,accuracy,specificity
0,1.0,0.5,0.6666666666666666,12,-,-
1,0.5384615384615384,1.0,0.7000000000000001,7,-,-
-,-,-,-,-,0.6842105263157895,0.5
