class,precision,recall,fscore,support,accuracy,specificity
0,1.0,0.545454545455,0.705882352941,11,-,-
1,0.615384615385,1.0,0.761904761905,8,-,-
-,-,-,-,-,0.736842105263,0.545454545455
