class,precision,recall,fscore,support,accuracy,specificity
0,0.571428571429,0.666666666667,0.615384615385,6,-,-
1,0.833333333333,0.769230769231,0.8,13,-,-
-,-,-,-,-,0.736842105263,0.666666666667
