class,precision,recall,fscore,support,accuracy,specificity
0,0.6,0.75,0.666666666667,8,-,-
1,0.777777777778,0.636363636364,0.7,11,-,-
-,-,-,-,-,0.684210526316,0.75
