class,precision,recall,fscore,support,accuracy,specificity
0,0.727272727273,0.8,0.761904761905,10,-,-
1,0.75,0.666666666667,0.705882352941,9,-,-
-,-,-,-,-,0.736842105263,0.8
