class,precision,recall,fscore,support,accuracy,specificity
0,0.888888888889,0.666666666667,0.761904761905,12,-,-
1,0.6,0.857142857143,0.705882352941,7,-,-
-,-,-,-,-,0.736842105263,0.666666666667
