class,precision,recall,fscore,support,accuracy,specificity
0,0.666666666667,0.666666666667,0.666666666667,6,-,-
1,0.846153846154,0.846153846154,0.846153846154,13,-,-
-,-,-,-,-,0.789473684211,0.666666666667
