class,precision,recall,fscore,support,accuracy,specificity
0,0.7,0.583333333333,0.636363636364,12,-,-
1,0.444444444444,0.571428571429,0.5,7,-,-
-,-,-,-,-,0.578947368421,0.583333333333
