class,precision,recall,fscore,support,accuracy,specificity
0,0.7,0.6363636363636364,0.6666666666666666,11,-,-
1,0.5555555555555556,0.625,0.5882352941176471,8,-,-
-,-,-,-,-,0.631578947368421,0.6363636363636364
