class,precision,recall,fscore,support,accuracy,specificity
0,0.666666666667,0.5,0.571428571429,8,-,-
1,0.692307692308,0.818181818182,0.75,11,-,-
-,-,-,-,-,0.684210526316,0.5
