class,precision,recall,fscore,support,accuracy,specificity
0,0.6,0.6,0.6,10,-,-
1,0.5555555555555556,0.5555555555555556,0.5555555555555556,9,-,-
-,-,-,-,-,0.5789473684210527,0.6
