class,precision,recall,fscore,support,accuracy,specificity
0,0.692307692308,0.9,0.782608695652,10,-,-
1,0.833333333333,0.555555555556,0.666666666667,9,-,-
-,-,-,-,-,0.736842105263,0.9
