class,precision,recall,fscore,support,accuracy,specificity
0,0.714285714286,0.625,0.666666666667,8,-,-
1,0.75,0.818181818182,0.782608695652,11,-,-
-,-,-,-,-,0.736842105263,0.625
