class,precision,recall,fscore,support,accuracy,specificity
0,0.636363636364,0.7,0.666666666667,10,-,-
1,0.625,0.555555555556,0.588235294118,9,-,-
-,-,-,-,-,0.631578947368,0.7
