class,precision,recall,fscore,support,accuracy,specificity
0,0.7142857142857143,0.5555555555555556,0.6250000000000001,9,-,-
1,0.6666666666666666,0.8,0.7272727272727272,10,-,-
-,-,-,-,-,0.6842105263157895,0.5555555555555556
