class,precision,recall,fscore,support,accuracy,specificity
0,0.571428571429,0.5,0.533333333333,8,-,-
1,0.666666666667,0.727272727273,0.695652173913,11,-,-
-,-,-,-,-,0.631578947368,0.5
