class,precision,recall,fscore,support,accuracy,specificity
0,0.571428571429,0.444444444444,0.5,9,-,-
1,0.583333333333,0.7,0.636363636364,10,-,-
-,-,-,-,-,0.578947368421,0.444444444444
