class,precision,recall,fscore,support,accuracy,specificity
0,0.777777777778,0.583333333333,0.666666666667,12,-,-
1,0.5,0.714285714286,0.588235294118,7,-,-
-,-,-,-,-,0.631578947368,0.583333333333
