class,precision,recall,fscore,support,accuracy,specificity
0,0.714285714286,0.555555555556,0.625,9,-,-
1,0.666666666667,0.8,0.727272727273,10,-,-
-,-,-,-,-,0.684210526316,0.555555555556
