class,precision,recall,fscore,support,accuracy,specificity
0,0.5,0.2727272727272727,0.3529411764705882,11,-,-
1,0.38461538461538464,0.625,0.4761904761904762,8,-,-
-,-,-,-,-,0.42105263157894735,0.2727272727272727
