class,precision,recall,fscore,support,accuracy,specificity
0,0.5,0.272727272727,0.352941176471,11,-,-
1,0.384615384615,0.625,0.47619047619,8,-,-
-,-,-,-,-,0.421052631579,0.272727272727
