class,precision,recall,fscore,support,accuracy,specificity
0,0.615384615385,0.727272727273,0.666666666667,11,-,-
1,0.5,0.375,0.428571428571,8,-,-
-,-,-,-,-,0.578947368421,0.727272727273
