class,precision,recall,fscore,support,accuracy,specificity
0,0.7692307692307693,0.9090909090909091,0.8333333333333333,11,-,-
1,0.8333333333333334,0.625,0.7142857142857143,8,-,-
-,-,-,-,-,0.7894736842105263,0.9090909090909091
