class,precision,recall,fscore,support,accuracy,specificity
0,0.769230769231,0.909090909091,0.833333333333,11,-,-
1,0.833333333333,0.625,0.714285714286,8,-,-
-,-,-,-,-,0.789473684211,0.909090909091
